id	prefix	sample
190809_1A	1_HKVVVDSXX.1.ATTACTCG_TATAGCCT	EM_SC_190809_M1_1A
190809_1B	1_HKVVVDSXX.1.ATTACTCG_ATAGAGGC	EM_SC_190809_M1_1B
190809_1C	1_HKVVVDSXX.1.ATTACTCG_CCTATCCT	EM_SC_190809_M1_1C
190809_1D	1_HKVVVDSXX.1.ATTACTCG_GGCTCTGA	EM_SC_190809_M1_1D
190809_1E	1_HKVVVDSXX.1.ATTACTCG_AGGCGAAG	EM_SC_190809_M1_1E
190809_1F	1_HKVVVDSXX.1.ATTACTCG_TAATCTTA	EM_SC_190809_M1_1F
190809_1G	1_HKVVVDSXX.1.ATTACTCG_CAGGACGT	EM_SC_190809_M1_1G
190809_1H	1_HKVVVDSXX.1.ATTACTCG_GTACTGAC	EM_SC_190809_M1_1H
190809_2A	1_HKVVVDSXX.1.TCCGGAGA_TATAGCCT	EM_SC_190809_M2_2A
190809_2B	1_HKVVVDSXX.1.TCCGGAGA_ATAGAGGC	EM_SC_190809_M2_2B
190809_2C	1_HKVVVDSXX.1.TCCGGAGA_CCTATCCT	EM_SC_190809_M2_2C
190809_2D	1_HKVVVDSXX.1.TCCGGAGA_GGCTCTGA	EM_SC_190809_M2_2D
190809_2E	1_HKVVVDSXX.1.TCCGGAGA_AGGCGAAG	EM_SC_190809_M2_2E
190809_2F	1_HKVVVDSXX.1.TCCGGAGA_TAATCTTA	EM_SC_190809_M2_2F
190809_2G	1_HKVVVDSXX.1.TCCGGAGA_CAGGACGT	EM_SC_190809_M2_2G
190809_2H	1_HKVVVDSXX.1.TCCGGAGA_GTACTGAC	EM_SC_190809_M2_2H
190809_4A	1_HKVVVDSXX.1.GAGATTCC_TATAGCCT	EM_SC_190809_M3_4A
190809_4B	1_HKVVVDSXX.1.GAGATTCC_ATAGAGGC	EM_SC_190809_M3_4B
190809_4C	1_HKVVVDSXX.1.GAGATTCC_CCTATCCT	EM_SC_190809_M3_4C
190809_4D	1_HKVVVDSXX.1.GAGATTCC_GGCTCTGA	EM_SC_190809_M3_4D
190809_4E	1_HKVVVDSXX.1.GAGATTCC_AGGCGAAG	EM_SC_190809_M3_4E
190809_4F	1_HKVVVDSXX.1.GAGATTCC_TAATCTTA	EM_SC_190809_M3_4F
190809_4G	1_HKVVVDSXX.1.GAGATTCC_CAGGACGT	EM_SC_190809_M3_4G
190809_4H	1_HKVVVDSXX.1.GAGATTCC_GTACTGAC	EM_SC_190809_M3_4H
190809_10A	2_HKVVVDSXX.2.TCCGCGAA_TATAGCCT	EM_SC_190809_M7_10A
190809_10C	2_HKVVVDSXX.2.TCCGCGAA_CCTATCCT	EM_SC_190809_M7_10C
190809_5A	2_HKVVVDSXX.2.ATTCAGAA_TATAGCCT	EM_SC_190809_M4_5A
190809_5B	2_HKVVVDSXX.2.ATTCAGAA_ATAGAGGC	EM_SC_190809_M4_5B
190809_5C	2_HKVVVDSXX.2.ATTCAGAA_CCTATCCT	EM_SC_190809_M4_5C
190809_5D	2_HKVVVDSXX.2.ATTCAGAA_GGCTCTGA	EM_SC_190809_M4_5D
190809_5E	2_HKVVVDSXX.2.ATTCAGAA_AGGCGAAG	EM_SC_190809_M4_5E
190809_5F	2_HKVVVDSXX.2.ATTCAGAA_TAATCTTA	EM_SC_190809_M4_5F
190809_5G	2_HKVVVDSXX.2.ATTCAGAA_CAGGACGT	EM_SC_190809_M4_5G
190809_5H	2_HKVVVDSXX.2.ATTCAGAA_GTACTGAC	EM_SC_190809_M4_5H
190809_7A	2_HKVVVDSXX.2.CTGAAGCT_TATAGCCT	EM_SC_190809_M5_7A
190809_7B	2_HKVVVDSXX.2.CTGAAGCT_ATAGAGGC	EM_SC_190809_M5_7B
190809_7C	2_HKVVVDSXX.2.CTGAAGCT_CCTATCCT	EM_SC_190809_M5_7C
190809_7D	2_HKVVVDSXX.2.CTGAAGCT_GGCTCTGA	EM_SC_190809_M5_7D
190809_7E	2_HKVVVDSXX.2.CTGAAGCT_AGGCGAAG	EM_SC_190809_M5_7E
190809_7F	2_HKVVVDSXX.2.CTGAAGCT_TAATCTTA	EM_SC_190809_M5_7F
190809_8A	2_HKVVVDSXX.2.TAATGCGC_TATAGCCT	EM_SC_190809_M6_8A
190809_8B	2_HKVVVDSXX.2.TAATGCGC_ATAGAGGC	EM_SC_190809_M6_8B
190809_8C	2_HKVVVDSXX.2.TAATGCGC_CCTATCCT	EM_SC_190809_M6_8C
190809_8D	2_HKVVVDSXX.2.TAATGCGC_GGCTCTGA	EM_SC_190809_M6_8D
190809_8E	2_HKVVVDSXX.2.TAATGCGC_AGGCGAAG	EM_SC_190809_M6_8E
190809_8F	2_HKVVVDSXX.2.TAATGCGC_TAATCTTA	EM_SC_190809_M6_8F
190809_8G	2_HKVVVDSXX.2.TAATGCGC_CAGGACGT	EM_SC_190809_M6_8G
190809_8H	2_HKVVVDSXX.2.TAATGCGC_GTACTGAC	EM_SC_190809_M6_8H
190808_6A	3_HKVVVDSXX.3.GAATTCGT_TATAGCCT	EM_SC_190808_M1_6A
190808_6B	3_HKVVVDSXX.3.GAATTCGT_ATAGAGGC	EM_SC_190808_M1_6B
190808_6C	3_HKVVVDSXX.3.GAATTCGT_CCTATCCT	EM_SC_190808_M1_6C
190808_6D	3_HKVVVDSXX.3.GAATTCGT_GGCTCTGA	EM_SC_190808_M1_6D
190808_6E	3_HKVVVDSXX.3.GAATTCGT_AGGCGAAG	EM_SC_190808_M1_6E
190808_6F	3_HKVVVDSXX.3.GAATTCGT_TAATCTTA	EM_SC_190808_M1_6F
190808_6G	3_HKVVVDSXX.3.GAATTCGT_CAGGACGT	EM_SC_190808_M1_6G
190808_6H	3_HKVVVDSXX.3.GAATTCGT_GTACTGAC	EM_SC_190808_M1_6H
190808_7A	3_HKVVVDSXX.3.CTGAAGCT_TATAGCCT	EM_SC_190808_M2_7A
190808_7B	3_HKVVVDSXX.3.CTGAAGCT_ATAGAGGC	EM_SC_190808_M2_7B
190808_7C	3_HKVVVDSXX.3.CTGAAGCT_CCTATCCT	EM_SC_190808_M2_7C
190808_7D	3_HKVVVDSXX.3.CTGAAGCT_GGCTCTGA	EM_SC_190808_M2_7D
190808_7E	3_HKVVVDSXX.3.CTGAAGCT_AGGCGAAG	EM_SC_190808_M2_7E
190808_7F	3_HKVVVDSXX.3.CTGAAGCT_TAATCTTA	EM_SC_190808_M2_7F
190808_7G	3_HKVVVDSXX.3.CTGAAGCT_CAGGACGT	EM_SC_190808_M2_7G
190808_7H	3_HKVVVDSXX.3.CTGAAGCT_GTACTGAC	EM_SC_190808_M2_7H
190808_8A	3_HKVVVDSXX.3.TAATGCGC_TATAGCCT	EM_SC_190808_M3_8A
190808_8B	3_HKVVVDSXX.3.TAATGCGC_ATAGAGGC	EM_SC_190808_M3_8B
190808_8C	3_HKVVVDSXX.3.TAATGCGC_CCTATCCT	EM_SC_190808_M3_8C
190808_8D	3_HKVVVDSXX.3.TAATGCGC_GGCTCTGA	EM_SC_190808_M3_8D
190809_10B	3_HKVVVDSXX.3.TCCGCGAA_ATAGAGGC	EM_SC_190809_M7_10B
190809_10D	3_HKVVVDSXX.3.TCCGCGAA_GGCTCTGA	EM_SC_190809_M7_10D
190809_10E	3_HKVVVDSXX.3.TCCGCGAA_AGGCGAAG	EM_SC_190809_M7_10E
190809_10F	3_HKVVVDSXX.3.TCCGCGAA_TAATCTTA	EM_SC_190809_M7_10F
190809_10G	3_HKVVVDSXX.3.TCCGCGAA_CAGGACGT	EM_SC_190809_M7_10G
190809_10H	3_HKVVVDSXX.3.TCCGCGAA_GTACTGAC	EM_SC_190809_M7_10H
190808_10A	4_HKVVVDSXX.4.TCCGCGAA_TATAGCCT	EM_SC_190808_M5_10A
190808_10B	4_HKVVVDSXX.4.TCCGCGAA_ATAGAGGC	EM_SC_190808_M5_10B
190808_10C	4_HKVVVDSXX.4.TCCGCGAA_CCTATCCT	EM_SC_190808_M5_10C
190808_10D	4_HKVVVDSXX.4.TCCGCGAA_GGCTCTGA	EM_SC_190808_M5_10D
190808_10E	4_HKVVVDSXX.4.TCCGCGAA_AGGCGAAG	EM_SC_190808_M5_10E
190808_10F	4_HKVVVDSXX.4.TCCGCGAA_TAATCTTA	EM_SC_190808_M5_10F
190808_10G	4_HKVVVDSXX.4.TCCGCGAA_CAGGACGT	EM_SC_190808_M5_10G
190808_11A	4_HKVVVDSXX.4.TCTCGCGC_TATAGCCT	EM_SC_190808_M6_11A
190808_11B	4_HKVVVDSXX.4.TCTCGCGC_ATAGAGGC	EM_SC_190808_M6_11B
190808_11C	4_HKVVVDSXX.4.TCTCGCGC_CCTATCCT	EM_SC_190808_M6_11C
190808_11D	4_HKVVVDSXX.4.TCTCGCGC_GGCTCTGA	EM_SC_190808_M6_11D
190808_11E	4_HKVVVDSXX.4.TCTCGCGC_AGGCGAAG	EM_SC_190808_M6_11E
190808_11F	4_HKVVVDSXX.4.TCTCGCGC_TAATCTTA	EM_SC_190808_M6_11F
190808_8E	4_HKVVVDSXX.4.TAATGCGC_AGGCGAAG	EM_SC_190808_M3_8E
190808_8F	4_HKVVVDSXX.4.TAATGCGC_TAATCTTA	EM_SC_190808_M3_8F
190808_8G	4_HKVVVDSXX.4.TAATGCGC_CAGGACGT	EM_SC_190808_M3_8G
190808_8H	4_HKVVVDSXX.4.TAATGCGC_GTACTGAC	EM_SC_190808_M3_8H
190808_9A	4_HKVVVDSXX.4.CGGCTATG_TATAGCCT	EM_SC_190808_M4_9A
190808_9B	4_HKVVVDSXX.4.CGGCTATG_ATAGAGGC	EM_SC_190808_M4_9B
190808_9C	4_HKVVVDSXX.4.CGGCTATG_CCTATCCT	EM_SC_190808_M4_9C
190808_9D	4_HKVVVDSXX.4.CGGCTATG_GGCTCTGA	EM_SC_190808_M4_9D
190808_9E	4_HKVVVDSXX.4.CGGCTATG_AGGCGAAG	EM_SC_190808_M4_9E
190808_9F	4_HKVVVDSXX.4.CGGCTATG_TAATCTTA	EM_SC_190808_M4_9F
190808_9G	4_HKVVVDSXX.4.CGGCTATG_CAGGACGT	EM_SC_190808_M4_9G
190808_9H	4_HKVVVDSXX.4.CGGCTATG_GTACTGAC	EM_SC_190808_M4_9H
