prefix,sample,group
1_HKVVVDSXX.1.ATTACTCG_TATAGCCT,EM_SC_190809_M1_1A,EM_SC_190809_M1
1_HKVVVDSXX.1.ATTACTCG_ATAGAGGC,EM_SC_190809_M1_1B,EM_SC_190809_M1
1_HKVVVDSXX.1.ATTACTCG_CCTATCCT,EM_SC_190809_M1_1C,EM_SC_190809_M1
1_HKVVVDSXX.1.ATTACTCG_GGCTCTGA,EM_SC_190809_M1_1D,EM_SC_190809_M1
1_HKVVVDSXX.1.ATTACTCG_AGGCGAAG,EM_SC_190809_M1_1E,EM_SC_190809_M1
1_HKVVVDSXX.1.ATTACTCG_TAATCTTA,EM_SC_190809_M1_1F,EM_SC_190809_M1
1_HKVVVDSXX.1.ATTACTCG_CAGGACGT,EM_SC_190809_M1_1G,EM_SC_190809_M1
1_HKVVVDSXX.1.ATTACTCG_GTACTGAC,EM_SC_190809_M1_1H,EM_SC_190809_M1
1_HKVVVDSXX.1.TCCGGAGA_TATAGCCT,EM_SC_190809_M2_2A,EM_SC_190809_M2
1_HKVVVDSXX.1.TCCGGAGA_ATAGAGGC,EM_SC_190809_M2_2B,EM_SC_190809_M2
1_HKVVVDSXX.1.TCCGGAGA_CCTATCCT,EM_SC_190809_M2_2C,EM_SC_190809_M2
1_HKVVVDSXX.1.TCCGGAGA_GGCTCTGA,EM_SC_190809_M2_2D,EM_SC_190809_M2
1_HKVVVDSXX.1.TCCGGAGA_AGGCGAAG,EM_SC_190809_M2_2E,EM_SC_190809_M2
1_HKVVVDSXX.1.TCCGGAGA_TAATCTTA,EM_SC_190809_M2_2F,EM_SC_190809_M2
1_HKVVVDSXX.1.TCCGGAGA_CAGGACGT,EM_SC_190809_M2_2G,EM_SC_190809_M2
1_HKVVVDSXX.1.TCCGGAGA_GTACTGAC,EM_SC_190809_M2_2H,EM_SC_190809_M2
1_HKVVVDSXX.1.GAGATTCC_TATAGCCT,EM_SC_190809_M3_4A,EM_SC_190809_M3
1_HKVVVDSXX.1.GAGATTCC_ATAGAGGC,EM_SC_190809_M3_4B,EM_SC_190809_M3
1_HKVVVDSXX.1.GAGATTCC_CCTATCCT,EM_SC_190809_M3_4C,EM_SC_190809_M3
1_HKVVVDSXX.1.GAGATTCC_GGCTCTGA,EM_SC_190809_M3_4D,EM_SC_190809_M3
1_HKVVVDSXX.1.GAGATTCC_AGGCGAAG,EM_SC_190809_M3_4E,EM_SC_190809_M3
1_HKVVVDSXX.1.GAGATTCC_TAATCTTA,EM_SC_190809_M3_4F,EM_SC_190809_M3
1_HKVVVDSXX.1.GAGATTCC_CAGGACGT,EM_SC_190809_M3_4G,EM_SC_190809_M3
1_HKVVVDSXX.1.GAGATTCC_GTACTGAC,EM_SC_190809_M3_4H,EM_SC_190809_M3
2_HKVVVDSXX.2.TCCGCGAA_TATAGCCT,EM_SC_190809_M7_10A,EM_SC_190809_M7
2_HKVVVDSXX.2.TCCGCGAA_CCTATCCT,EM_SC_190809_M7_10C,EM_SC_190809_M7
2_HKVVVDSXX.2.ATTCAGAA_TATAGCCT,EM_SC_190809_M4_5A,EM_SC_190809_M4
2_HKVVVDSXX.2.ATTCAGAA_ATAGAGGC,EM_SC_190809_M4_5B,EM_SC_190809_M4
2_HKVVVDSXX.2.ATTCAGAA_CCTATCCT,EM_SC_190809_M4_5C,EM_SC_190809_M4
2_HKVVVDSXX.2.ATTCAGAA_GGCTCTGA,EM_SC_190809_M4_5D,EM_SC_190809_M4
2_HKVVVDSXX.2.ATTCAGAA_AGGCGAAG,EM_SC_190809_M4_5E,EM_SC_190809_M4
2_HKVVVDSXX.2.ATTCAGAA_TAATCTTA,EM_SC_190809_M4_5F,EM_SC_190809_M4
2_HKVVVDSXX.2.ATTCAGAA_CAGGACGT,EM_SC_190809_M4_5G,EM_SC_190809_M4
2_HKVVVDSXX.2.ATTCAGAA_GTACTGAC,EM_SC_190809_M4_5H,EM_SC_190809_M4
2_HKVVVDSXX.2.CTGAAGCT_TATAGCCT,EM_SC_190809_M5_7A,EM_SC_190809_M5
2_HKVVVDSXX.2.CTGAAGCT_ATAGAGGC,EM_SC_190809_M5_7B,EM_SC_190809_M5
2_HKVVVDSXX.2.CTGAAGCT_CCTATCCT,EM_SC_190809_M5_7C,EM_SC_190809_M5
2_HKVVVDSXX.2.CTGAAGCT_GGCTCTGA,EM_SC_190809_M5_7D,EM_SC_190809_M5
2_HKVVVDSXX.2.CTGAAGCT_AGGCGAAG,EM_SC_190809_M5_7E,EM_SC_190809_M5
2_HKVVVDSXX.2.CTGAAGCT_TAATCTTA,EM_SC_190809_M5_7F,EM_SC_190809_M5
2_HKVVVDSXX.2.TAATGCGC_TATAGCCT,EM_SC_190809_M6_8A,EM_SC_190809_M6
2_HKVVVDSXX.2.TAATGCGC_ATAGAGGC,EM_SC_190809_M6_8B,EM_SC_190809_M6
2_HKVVVDSXX.2.TAATGCGC_CCTATCCT,EM_SC_190809_M6_8C,EM_SC_190809_M6
2_HKVVVDSXX.2.TAATGCGC_GGCTCTGA,EM_SC_190809_M6_8D,EM_SC_190809_M6
2_HKVVVDSXX.2.TAATGCGC_AGGCGAAG,EM_SC_190809_M6_8E,EM_SC_190809_M6
2_HKVVVDSXX.2.TAATGCGC_TAATCTTA,EM_SC_190809_M6_8F,EM_SC_190809_M6
2_HKVVVDSXX.2.TAATGCGC_CAGGACGT,EM_SC_190809_M6_8G,EM_SC_190809_M6
2_HKVVVDSXX.2.TAATGCGC_GTACTGAC,EM_SC_190809_M6_8H,EM_SC_190809_M6
3_HKVVVDSXX.3.GAATTCGT_TATAGCCT,EM_SC_190808_M1_6A,EM_SC_190808_M1
3_HKVVVDSXX.3.GAATTCGT_ATAGAGGC,EM_SC_190808_M1_6B,EM_SC_190808_M1
3_HKVVVDSXX.3.GAATTCGT_CCTATCCT,EM_SC_190808_M1_6C,EM_SC_190808_M1
3_HKVVVDSXX.3.GAATTCGT_GGCTCTGA,EM_SC_190808_M1_6D,EM_SC_190808_M1
3_HKVVVDSXX.3.GAATTCGT_AGGCGAAG,EM_SC_190808_M1_6E,EM_SC_190808_M1
3_HKVVVDSXX.3.GAATTCGT_TAATCTTA,EM_SC_190808_M1_6F,EM_SC_190808_M1
3_HKVVVDSXX.3.GAATTCGT_CAGGACGT,EM_SC_190808_M1_6G,EM_SC_190808_M1
3_HKVVVDSXX.3.GAATTCGT_GTACTGAC,EM_SC_190808_M1_6H,EM_SC_190808_M1
3_HKVVVDSXX.3.CTGAAGCT_TATAGCCT,EM_SC_190808_M2_7A,EM_SC_190808_M2
3_HKVVVDSXX.3.CTGAAGCT_ATAGAGGC,EM_SC_190808_M2_7B,EM_SC_190808_M2
3_HKVVVDSXX.3.CTGAAGCT_CCTATCCT,EM_SC_190808_M2_7C,EM_SC_190808_M2
3_HKVVVDSXX.3.CTGAAGCT_GGCTCTGA,EM_SC_190808_M2_7D,EM_SC_190808_M2
3_HKVVVDSXX.3.CTGAAGCT_AGGCGAAG,EM_SC_190808_M2_7E,EM_SC_190808_M2
3_HKVVVDSXX.3.CTGAAGCT_TAATCTTA,EM_SC_190808_M2_7F,EM_SC_190808_M2
3_HKVVVDSXX.3.CTGAAGCT_CAGGACGT,EM_SC_190808_M2_7G,EM_SC_190808_M2
3_HKVVVDSXX.3.CTGAAGCT_GTACTGAC,EM_SC_190808_M2_7H,EM_SC_190808_M2
3_HKVVVDSXX.3.TAATGCGC_TATAGCCT,EM_SC_190808_M3_8A,EM_SC_190808_M3
3_HKVVVDSXX.3.TAATGCGC_ATAGAGGC,EM_SC_190808_M3_8B,EM_SC_190808_M3
3_HKVVVDSXX.3.TAATGCGC_CCTATCCT,EM_SC_190808_M3_8C,EM_SC_190808_M3
3_HKVVVDSXX.3.TAATGCGC_GGCTCTGA,EM_SC_190808_M3_8D,EM_SC_190808_M3
3_HKVVVDSXX.3.TCCGCGAA_ATAGAGGC,EM_SC_190809_M7_10B,EM_SC_190809_M7
3_HKVVVDSXX.3.TCCGCGAA_GGCTCTGA,EM_SC_190809_M7_10D,EM_SC_190809_M7
3_HKVVVDSXX.3.TCCGCGAA_AGGCGAAG,EM_SC_190809_M7_10E,EM_SC_190809_M7
3_HKVVVDSXX.3.TCCGCGAA_TAATCTTA,EM_SC_190809_M7_10F,EM_SC_190809_M7
3_HKVVVDSXX.3.TCCGCGAA_CAGGACGT,EM_SC_190809_M7_10G,EM_SC_190809_M7
3_HKVVVDSXX.3.TCCGCGAA_GTACTGAC,EM_SC_190809_M7_10H,EM_SC_190809_M7
4_HKVVVDSXX.4.TCCGCGAA_TATAGCCT,EM_SC_190808_M5_10A,EM_SC_190808_M5
4_HKVVVDSXX.4.TCCGCGAA_ATAGAGGC,EM_SC_190808_M5_10B,EM_SC_190808_M5
4_HKVVVDSXX.4.TCCGCGAA_CCTATCCT,EM_SC_190808_M5_10C,EM_SC_190808_M5
4_HKVVVDSXX.4.TCCGCGAA_GGCTCTGA,EM_SC_190808_M5_10D,EM_SC_190808_M5
4_HKVVVDSXX.4.TCCGCGAA_AGGCGAAG,EM_SC_190808_M5_10E,EM_SC_190808_M5
4_HKVVVDSXX.4.TCCGCGAA_TAATCTTA,EM_SC_190808_M5_10F,EM_SC_190808_M5
4_HKVVVDSXX.4.TCCGCGAA_CAGGACGT,EM_SC_190808_M5_10G,EM_SC_190808_M5
4_HKVVVDSXX.4.TCTCGCGC_TATAGCCT,EM_SC_190808_M6_11A,EM_SC_190808_M6
4_HKVVVDSXX.4.TCTCGCGC_ATAGAGGC,EM_SC_190808_M6_11B,EM_SC_190808_M6
4_HKVVVDSXX.4.TCTCGCGC_CCTATCCT,EM_SC_190808_M6_11C,EM_SC_190808_M6
4_HKVVVDSXX.4.TCTCGCGC_GGCTCTGA,EM_SC_190808_M6_11D,EM_SC_190808_M6
4_HKVVVDSXX.4.TCTCGCGC_AGGCGAAG,EM_SC_190808_M6_11E,EM_SC_190808_M6
4_HKVVVDSXX.4.TCTCGCGC_TAATCTTA,EM_SC_190808_M6_11F,EM_SC_190808_M6
4_HKVVVDSXX.4.TAATGCGC_AGGCGAAG,EM_SC_190808_M3_8E,EM_SC_190808_M3
4_HKVVVDSXX.4.TAATGCGC_TAATCTTA,EM_SC_190808_M3_8F,EM_SC_190808_M3
4_HKVVVDSXX.4.TAATGCGC_CAGGACGT,EM_SC_190808_M3_8G,EM_SC_190808_M3
4_HKVVVDSXX.4.TAATGCGC_GTACTGAC,EM_SC_190808_M3_8H,EM_SC_190808_M3
4_HKVVVDSXX.4.CGGCTATG_TATAGCCT,EM_SC_190808_M4_9A,EM_SC_190808_M4
4_HKVVVDSXX.4.CGGCTATG_ATAGAGGC,EM_SC_190808_M4_9B,EM_SC_190808_M4
4_HKVVVDSXX.4.CGGCTATG_CCTATCCT,EM_SC_190808_M4_9C,EM_SC_190808_M4
4_HKVVVDSXX.4.CGGCTATG_GGCTCTGA,EM_SC_190808_M4_9D,EM_SC_190808_M4
4_HKVVVDSXX.4.CGGCTATG_AGGCGAAG,EM_SC_190808_M4_9E,EM_SC_190808_M4
4_HKVVVDSXX.4.CGGCTATG_TAATCTTA,EM_SC_190808_M4_9F,EM_SC_190808_M4
4_HKVVVDSXX.4.CGGCTATG_CAGGACGT,EM_SC_190808_M4_9G,EM_SC_190808_M4
4_HKVVVDSXX.4.CGGCTATG_GTACTGAC,EM_SC_190808_M4_9H,EM_SC_190808_M4
